Solving time (s),Number of nodes
118.754953,74
569.738248,43
120.086868,133
680.052484,51
117.392262,90
123.400757,114
580.635666,241
128.45039,188
121.068516,114
121.204454,240
